SD,ERR95LO,ERR95HI,ERR99LO,ERR99HI
0.00352872973876335,-0.00385937206109997,0.00783482211945765,-0.00680267814507217,0.0173001323826428
