ID,NDET,NMATCH,SKYMEAN,SKYSTD,MEDLUMFRAC,MEDLUMFRAC5
denlo1a,5492,2716,0.00489217010366482,0.000747069023029421,0.889095716959035,0.850082295654571
denlo1b,4120,2257,0.00154988239726177,0.000626754302468322,0.858496053436256,0.851271055129092
denlo4a,4597,1734,0.00581685219580198,0.00242155555179718,0.772260640676781,0.775189449383587
denlo4b,3962,1412,0.00160664171121487,0.00238019483258085,0.73778939977272,0.734247038474456
denhi1a,9895,4924,0.00696595240928908,0.00086184669743202,0.897759682469759,0.84801557717806
denhi1b,7123,4441,0.000104772689285777,0.000719059051728336,0.888171934639863,0.851433046889215
denhi4a,9348,3503,0.00969591071688183,0.00291187793602242,0.784756024748622,0.739694395808163
denhi4b,6824,3075,0.00257515499501871,0.00299398462653772,0.754633750097251,0.756687293766106
