ID,NDET,NMATCH,SKYMEAN,SKYSTD,SKYSPR,MEDLUMFRAC,MEDLUMFRAC5
denlo1a,5492,2716,0.00489591951938353,0.000785463743075802,0.000236343197815896,0.889095716959035,0.850082295654571
denlo1b,4120,2257,0.00155165861943939,0.000647536301643908,0.000176804147381085,0.858496053436256,0.851271055129092
denlo4a,4597,1734,0.00582191401106186,0.00248681493431572,0.000890227377877823,0.772260640676781,0.775189449383587
denlo4b,3962,1412,0.00160907676123029,0.00242946544306594,0.000740220172195914,0.73778939977272,0.734247038474456
denhi1a,9895,4924,0.00696193532116049,0.000884095161467991,0.000257096687725311,0.897759682469759,0.84801557717806
denhi1b,7123,4441,0.000101655117141479,0.000738423751941401,0.000193456557615895,0.888171934639863,0.851433046889215
denhi4a,9348,3503,0.00968504010370664,0.00293674921382287,0.00067058074361712,0.784756024748622,0.739694395808163
denhi4b,6824,3075,0.00256360161799706,0.003020945067961,0.000720827138161088,0.754633750097251,0.756687293766106
