ID,NDET,NMATCH,AREAFRAC,AREAMEAN,AREAFRAC5,AREAMEAN5,SKYMEAN,SKYSTD,SKYSPR,MEDMAGDIFF,MEDMAGDIFF5
denlo1a,4769,684,0.532792209321539,1487.55701754386,0.454551426470131,11728.4,0.00273821221526457,0.0543898441485301,0.000309732428664105,-0.167193149188751,-0.0176014654287009
denlo1b,3367,943,0.520638750221579,1349.01166489926,0.444167357905391,11422.6,-0.000570277865323599,0.0542389308571984,0.000161539932057309,-0.149812597306898,-0.0122577240389994
denlo4a,5156,957,0.0574094805434055,1495.20167189133,0.0371558234848072,22471.8,0.00435611208935928,0.0544050599463148,0.000252950193313905,-0.0563900388151026,0.0571236924938994
denlo4b,4220,1124,0.0606810837710363,1538.11209964413,0.0384216963185409,22884.6,0.000212629610058063,0.0542419195012433,0.000154151735761098,-0.0658620284438509,0.0564261427077994
denhi1a,7208,1464,0.639204943549247,1105.21584699454,0.436637243186787,10091.4,0.00441967482689249,0.0498205275401045,0.000254535564095324,-0.16572183114255,-0.0117906759571014
denhi1b,5882,1737,0.702735145447346,1131.93436960276,0.440550575632208,9975.2,-0.000813737373697852,0.0495991945723786,0.000100813087293056,-0.166977173661699,-0.0081679397272012
denhi4a,7909,1690,0.0678605027609251,1285.90710059172,0.0348424257823186,22073.8,0.00627302650362198,0.0498411810477605,0.000315593151325873,-0.0928868832071501,0.0575038412539008
denhi4b,6611,1957,0.0733380128439694,1320.35615738375,0.0332060976523918,21180.8,0.000425979528052496,0.049638722769134,0.000139489626260813,-0.0889723344933024,0.0605472234193982
