ID,NDET,NMATCH,AREAFRAC,AREAMEAN,AREAFRAC5,AREAMEAN5,SKYMEAN,SKYSTD
denlo1a,4553,699,0.55358558628767,1444.56509298999,0.618138307747393,12244.4,0.00281782420837947,0.0544010187501497
denlo1b,3387,850,0.555278510621936,1489.51176470588,0.593113347605686,11747.8,-0.000659432062834494,0.0542391743331674
denlo4a,5090,1040,0.0403250553639023,1497.79519230769,0.0322958412632798,21658.6,0.00448777082373185,0.0544106641720221
denlo4b,4285,1057,0.0428377757478637,1646.00662251656,0.0343832664344413,22649.8,0.000154638388031274,0.054243772957792
denhi1a,7722,1378,0.707825864170087,1223.15457184325,0.443682122279469,10257.2,0.00388820314631367,0.0497916226517669
denhi1b,5915,1721,0.758760807248776,1173.06449738524,0.451839974241882,10395.6,-0.000839150499568981,0.0496017918391608
denhi4a,7929,1706,0.0483749439054764,1263.36166471278,0.0291702058484053,24710,0.00640911802510192,0.0498400367018101
denhi4b,6574,2100,0.05119239490828,1261.70380952381,0.0280431787613382,23628.6,0.00056778892013123,0.0496130752500685
