ID,NDET,NMATCH,SKYMEAN,SKYSTD,SKYSPR,MEDLUMFRAC,MEDLUMFRAC5
denlo1a,4653,709,0.0028748765538969,0.0017491463540959,0.000192591574768244,1.15958875328858,1.01559605057153
denlo1b,3411,917,-0.000600165803728534,0.00134030969059486,0.000181395975933727,1.15014943809075,1.01083215695442
denlo4a,5059,1020,0.00447070533004248,0.00178351095546801,0.000197410337719693,1.05255878208527,0.950489333763622
denlo4b,4214,1121,0.000205270807813756,0.00141917155872499,0.000159411135892714,1.0536858490908,0.948224604779192
denhi1a,7446,1292,0.00405885853224734,0.00183273302850234,0.000324982399019684,1.17633120109158,1.01131583199471
denhi1b,5884,1746,-0.000807797069535673,0.0013199636683548,5.51123524075422e-05,1.16169176754673,1.00806599850084
denhi4a,7852,1686,0.00627089168274427,0.00190446610774643,0.000314240723846834,1.08957652430035,0.956542684959666
denhi4b,6734,1916,0.000343872599724242,0.00146768005273733,0.000141782091903721,1.08282496653608,0.946302624411918
