ID,NDET,NMATCH,SKYMEAN,SKYSTD,LUMFRAC25ALL,LUMFRAC50ALL,LUMFRAC75ALL,LUMFRAC25BIG,LUMFRAC50BIG,LUMFRAC75BIG
denlo1a,4663,689,0.00282268985973118,0.00166620016121794,1.07327331880766,1.15776760156673,1.27697790438755,1.02344492221944,1.05187362025108,1.10893705180873
denlo1b,3463,844,-0.000680037773850016,0.00127392727594703,1.07267933247697,1.15478280766252,1.26266435381693,1.01958766503395,1.04851360196189,1.09446536842872
denlo4a,5243,932,0.00425112422069218,0.00168607331282388,0.957337402297665,1.05851404688838,1.19407972107448,0.933288394858766,0.944276738099189,0.979353702732304
denlo4b,4176,1159,0.000250464410843769,0.00135463729866907,0.95188209362495,1.05641978643856,1.18410934155752,0.914848171842495,0.94029355649068,0.974138016285129
denhi1a,7284,1356,0.00420152078205887,0.00175658784968413,1.06668549358397,1.18259126750891,1.30708768778563,1.01409287921094,1.03366557155078,1.05281059274965
denhi1b,5939,1640,-0.000900203855447535,0.00126973302296278,1.06803006622478,1.1667109805528,1.27990583723145,1.01441522278341,1.03948289114536,1.05886486393962
denhi4a,7899,1684,0.00627190044200063,0.00183391844564323,0.968018208419006,1.08816270109722,1.23799098678626,0.928039126020828,0.941802634684682,0.958974825461341
denhi4b,6918,1739,0.000132145658919321,0.00137958818938838,0.980021214921538,1.09457163712294,1.23198307354016,0.921761269534127,0.949161805449808,0.953760738763571
