ID,NDET,NMATCH,AREAFRAC,AREAMEAN,AREAFRAC5,AREAMEAN5,SKYMEAN,SKYSTD
denlo1a,4671,717,0.518230062173846,1432.86610878661,0.450453510120045,11612.6,0.00287220393228753,0.0543907546116857
denlo1b,3479,843,0.540407425897276,1469.24317912218,0.452672227267664,11655.6,-0.000671334025687987,0.0542282929005367
denlo4a,5048,1008,0.0565621139427969,1419.59325396825,0.038342356002386,22963.2,0.00447851821658398,0.0544092234009585
denlo4b,4131,1172,0.0589781013588346,1464.76023890785,0.0379691466825225,22637.4,0.000283729163022983,0.0542375765746226
denhi1a,7328,1311,0.670041729963623,1219.42639206712,0.441985022597451,10233,0.00413936587123246,0.0498163985743801
denhi1b,5910,1703,0.714602113577236,1153.15208455666,0.440140962855565,9983,-0.000868615439638759,0.0495948287865588
denhi4a,7866,1760,0.0671245423079559,1233.90568181818,0.0354521545550626,22565.6,0.00636049777810132,0.0498463307280347
denhi4b,6562,2083,0.0716557827424744,1264.51224195871,0.0336855894952861,21476.2,0.000525377276349919,0.0496449007055128
