ID,NDET,NMATCH,SKYMEAN,SKYSTD,MEDLUMFRAC,MEDLUMFRAC5
denlo1a,4686,706,0.00279981655752796,0.00165625071083778,1.16502071438277,1.01368353853549
denlo1b,3471,833,-0.000677311738172201,0.00127462772918887,1.15012615123814,1.01321410376298
denlo4a,5266,908,0.00421303477574085,0.00168932663819527,1.05931722741513,0.951883013138615
denlo4b,4152,1146,0.000264250680672115,0.00136024919683222,1.05455099836993,0.946830925404172
denhi1a,7352,1401,0.00422971303660163,0.00175370994102855,1.17566689618219,1.01125701147896
denhi1b,5898,1734,-0.00082552958674533,0.00125755371858707,1.16290430427688,1.007610139504
denhi4a,8037,1637,0.00611062943956409,0.00181249195025479,1.09208941088425,0.955609809295398
denhi4b,6572,2035,0.000476986680520513,0.00142317393167041,1.08307795431876,0.948464932674948
