GAIN,XSIZE,YSIZE,RMS,SKY_LEVEL_PIXEL
563.915070480379,4200,4100,0.0496623,1.39080857387291
