ID,NDET,NMATCH,AREAFRAC,AREAMEAN,AREAFRAC5,AREAMEAN5,SKYMEAN,SKYSTD
denlo1a,57451,13807,0.0943042726687721,51.6235242992685,0.285011337258851,5636.8,0.00676177730838232,0.0553129933235219
denlo1b,52961,2610,0.100950130038252,229.091187739464,0.285838783181861,5656.4,0.00185135680148278,0.0549185310473505
denlo4a,59185,12536,0.0085831193701821,48.3983726866624,0.0146962250272946,10140.6,0.00827750978218007,0.0550605808110304
denlo4b,55812,1946,0.00688529201011372,263.858170606372,0.0145094334020731,10013,0.00275022551586337,0.0547087962820689
denhi1a,50865,18006,0.109297018780344,62.203376652227,0.231963752569185,5362.6,0.0101076656862287,0.0516749756104669
denhi1b,43199,5184,0.138461258676575,190.658564814815,0.23065885145151,5334.2,0.00302635792133846,0.0511117523786873
denhi4a,52845,16326,0.00930429574931591,60.9806443709421,0.0149544908674226,12729.2,0.0122880391826467,0.0514031763765178
denhi4b,46421,3857,0.00904757162853378,227.866995073892,0.0151760177580412,12824.6,0.00464975958439624,0.0509111781497266
