ID,NDET,NMATCH,SKYMEAN,SKYSTD,SKYSPR,MEDLUMFRAC,MEDLUMFRAC5
denlo1a,57160,13938,0.00687994028760722,0.000835670455879909,0.000811768458549553,0.963230914424304,0.984327868989091
denlo1b,53467,2652,0.00179407756652715,0.000547001455352363,0.000463184883738216,0.846972458231085,0.98466757833674
denlo4a,59476,12637,0.00811824403789859,0.00109052547847662,0.000937439137943518,0.972255147889824,0.88168694900551
denlo4b,56026,1927,0.00274294464016498,0.000923811677916729,0.000566286242231121,0.754293798248717,0.878082088559911
denhi1a,50915,17926,0.0102243152522268,0.000707215081903166,0.000484563398455528,0.948703640337318,0.98180013835755
denhi1b,43811,5300,0.0030005743530829,0.000679126581050352,0.000584021298539112,0.840311839933275,0.982219641700527
denhi4a,52958,16251,0.0121997930542415,0.00123041247781591,0.000714852470783008,0.950172728886727,0.884962425208411
denhi4b,46132,3838,0.00470067002522399,0.001316697466128,0.000825484272215109,0.768421761877292,0.882070095446867
