ID,NOBJ,SKYMEAN,SKYSTD
denlo1a,16256,0.00705564072745042,0.055620702449464
denlo1b,10849,0.00208072200655224,0.0552018183290524
denlo4a,15560,0.00870388856077339,0.0554800034083965
denlo4b,10944,0.00316117866131499,0.0551222987096633
denhi1a,18466,0.0102038000410474,0.0519877152517903
denhi1b,12316,0.00306446673504052,0.0513929759689368
denhi4a,17385,0.0126114386279972,0.0518564538524645
denhi4b,11868,0.00516130711584192,0.0513730839802121
