ID,NDET,NMATCH,AREAFRAC,AREAMEAN,AREAFRAC5,AREAMEAN5,SKYMEAN,SKYSTD,SKYSPR,MEDMAGDIFF,MEDMAGDIFF5
denlo1a,57160,13938,0.0773521542867551,51.4638398622471,0.205419337920439,5273.8,0.00687994028760722,0.0553056471313976,0.000811768458549553,0.0406739686887008,0.0171505466666986
denlo1b,53467,2652,0.0962732918493705,226.648944193062,0.206174795449903,5292,0.00179407756652715,0.0549090541923921,0.000463184883738216,0.18032677948635,0.0167759041128015
denlo4a,59476,12637,0.0113432400091188,48.6899580596661,0.0162801347767494,10049.6,0.00811824403789859,0.0550468828780678,0.000937439137943518,0.0305493716874992,0.136713969293101
denlo4b,56026,1927,0.00983024704435279,269.19460300986,0.0167243244619712,10309.6,0.00274294464016498,0.0546815928724745,0.000566286242231121,0.306148657521199,0.141162204135298
denhi1a,50915,17926,0.0928887514906191,62.3711368961285,0.216473202898541,5147,0.0102243152522268,0.0516897192195651,0.000484563398455528,0.0571735825906519,0.0199422775859013
denhi1b,43811,5300,0.131424835369695,187.431320754717,0.216831299004404,5146,0.0030005743530829,0.0511399696178449,0.000584021298539112,0.188898795546349,0.0194784635459015
denhi4a,52958,16251,0.0124607229588591,61.4802166020553,0.0177489234989621,11445,0.0121997930542415,0.0514043776897251,0.000714852470783008,0.0554935962948022,0.132687921761303
denhi4b,46132,3838,0.0127116880668671,228.475508077123,0.0180530111194254,11608,0.00470067002522399,0.0509119720411321,0.000825484272215109,0.2860008608735,0.1362422535645
