NTOTALDEFAULT,NBRIGHT,NGOOD,CHI2MEDIAN,CHI2MAD
4767,3362,3362,0.86990695,0.02381922921
