NTOTALDEFAULT,NBRIGHT,NGOOD,CHI2MEDIAN,CHI2MAD
4606,3302,3302,0.8712826,0.0235697817599999
