NTOTALDEFAULT,NBRIGHT,NGOOD,CHI2MEDIAN,CHI2MAD
4767,3362,3362,0.86990625,0.02378928069
