NTOTALDEFAULT,NBRIGHT,NGOOD,CHI2MEDIAN,CHI2MAD
4606,3302,3302,0.87150235,0.0236003974499999
