NTOTALDEFAULT,NBRIGHT,NGOOD,CHI2MEDIAN,CHI2MAD
4870,3628,3628,0.863746,0.0226136530199999
