NTOTALDEFAULT,NBRIGHT,NGOOD,CHI2MEDIAN,CHI2MAD
4711,3615,3615,0.8649518,0.0230934223800001
