NTOTALDEFAULT,NBRIGHT,NGOOD,CHI2MEDIAN,CHI2MAD
4870,3628,3628,0.86387885,0.02253359262
