NTOTALDEFAULT,NBRIGHT,NGOOD,CHI2MEDIAN,CHI2MAD
4711,3615,3615,0.8649225,0.0227983849800001
