NTOTALDEFAULT,NBRIGHT,NGOOD,CHI2MEDIAN,CHI2MAD
4711,319,319,0.8797333,0.0225384851999999
