NTOTALDEFAULT,NBRIGHT,NGOOD,CHI2MEDIAN,CHI2MAD
4606,263,246,0.8834462,0.0222679107000001
