NTOTALDEFAULT,NBRIGHT,NGOOD,CHI2MEDIAN,CHI2MAD
2748,2142,2142,0.8768209,0.02011309986
