NTOTALDEFAULT,NBRIGHT,NGOOD,CHI2MEDIAN,CHI2MAD
2560,2104,2104,0.8779691,0.02073453165
