NTOTALDEFAULT,NBRIGHT,NGOOD,CHI2MEDIAN,CHI2MAD
2748,213,213,0.8881445,0.0197114635199999
