NTOTALDEFAULT,NBRIGHT,NGOOD,CHI2MEDIAN,CHI2MAD
2560,213,213,0.890911,0.0207869415600001
