NTOTALDEFAULT,NBRIGHT,NGOOD,CHI2MEDIAN,CHI2MAD
2808,2044,2044,0.88090425,0.02104743438
