NTOTALDEFAULT,NBRIGHT,NGOOD,CHI2MEDIAN,CHI2MAD
2640,2024,2024,0.8827694,0.02174003097
