NTOTALDEFAULT,NBRIGHT,NGOOD,CHI2MEDIAN,CHI2MAD
2808,2044,2044,0.8809469,0.02112616044
