NTOTALDEFAULT,NBRIGHT,NGOOD,CHI2MEDIAN,CHI2MAD
2560,2104,2104,0.8779084,0.02063393724
