NTOTALDEFAULT,NBRIGHT,NGOOD,CHI2MEDIAN,CHI2MAD
2640,2024,2024,0.8824994,0.0216011113500001
