NTOTALDEFAULT,NBRIGHT,NGOOD,CHI2MEDIAN,CHI2MAD
2748,2142,2142,0.8767727,0.0203361570299999
