ID,NDET,NMATCH,SKYMEAN,SKYSTD,LUMFRAC25ALL,LUMFRAC50ALL,LUMFRAC75ALL,LUMFRAC25BIG,LUMFRAC50BIG,LUMFRAC75BIG
denlo1a,4613,2310,0.00438626965622432,0.000742282327007593,0.979228036901673,1.07693298383686,1.21736847656219,1.00468727473041,1.01834826744841,1.05004942256481
denlo1b,3260,2217,6.01364783167809e-05,0.000571498070992581,0.990682732900957,1.06267794842998,1.18005374225833,1.00806571294416,1.02611535631062,1.03563683523565
denlo4a,4146,2287,0.00527132890868449,0.000717093279245189,0.870938869980073,0.976981550566992,1.12367717609753,0.926885956351401,0.948452109461486,0.967142354489705
denlo4b,3255,2264,0.000515951800867335,0.000573857144626453,0.862143242649779,0.949022268537616,1.0727378985031,0.929948597262342,0.93965193423411,0.960257463502009
denhi1a,6539,3065,0.00619242197994103,0.000370943035343582,0.976244946115948,1.09048370433603,1.22896011457273,1.00784221689116,1.02177524508297,1.04474350593375
denhi1b,5405,3561,0.000330638277325877,0.000535618608008805,0.990807935533899,1.07373067783261,1.20078109788755,1.00666274208082,1.02254151347378,1.03493954051005
denhi4a,6104,2991,0.00767828331173708,0.000761273092621143,0.890627856734588,1.00134562049242,1.15089483062365,0.941395985004466,0.962625960060683,0.968866674489718
denhi4b,5254,3429,0.000590488392145165,0.000629790357944897,0.894030754674214,0.992051994831769,1.12885466755839,0.947771670347141,0.955716021275256,0.973492266208855
