ID,NDET,NMATCH,SKYMEAN,SKYSTD,SKYSPR,MEDLUMFRAC,MEDLUMFRAC5
denlo1a,4611,2054,0.00383769245942227,0.000877776012532996,0.000203190467964115,1.10058545338131,1.01196227770296
denlo1b,3225,1991,-0.000253477882101746,0.000671257167260836,0.00019328412785553,1.09209850047867,1.01157977529579
denlo4a,4127,2065,0.0049508841267344,0.000934548012273084,0.000193248592497203,1.00394137923111,0.958328780248147
denlo4b,3214,2171,0.000437051623205797,0.00075986812168367,0.000183258575110154,0.961789247977567,0.954246379610948
denhi1a,6462,2628,0.00543381788574998,0.000918509142033404,0.000291557056433441,1.11746576406963,1.01060315966467
denhi1b,5337,3281,-0.000247167232334706,0.000677196570475776,4.7668372536188e-05,1.10221034669763,1.00851493391218
denhi4a,6026,2714,0.00692379636781287,0.000993777157098958,0.000259013411537046,1.02798584549914,0.964395223013873
denhi4b,5245,3257,0.000624842312167018,0.000759302878674924,0.000179382811088544,1.00832154721569,0.965948472299361
