ID,NDET,NMATCH,SKYMEAN,SKYSTD,MEDLUMFRAC,MEDLUMFRAC5
denlo1a,4622,2014,0.00363346948393093,0.000920452251693191,1.10446194500406,1.01102340815805
denlo1b,3234,2023,-0.000331797832049222,0.000689741033531953,1.09128196311627,1.01006715213998
denlo4a,4151,2025,0.00454242826318097,0.000969385913484253,1.01360903365607,0.958677200091835
denlo4b,3249,2126,0.000214252970701433,0.0007423827886746,0.974312856178369,0.955751810315599
denhi1a,6499,2766,0.00562929413134784,0.000973341452773713,1.10845446305446,1.01096754805103
denhi1b,5347,3227,-0.000371834315014147,0.00072099717717043,1.10519540542963,1.00844485922244
denhi4a,6127,2757,0.00677378379424452,0.0010153403406927,1.03298753645178,0.971582071983604
denhi4b,5248,3310,0.00033454112344349,0.00069632747827094,1.00314775079165,0.969659012259052
