ID,NDET,NMATCH,AREAFRAC,AREAMEAN,AREAFRAC5,AREAMEAN5,SKYMEAN,SKYSTD
denlo1a,4470,2010,0.339455289561334,606.669651741293,0.495526825967318,9632,0.00388532103180686,0.0546367305771607
denlo1b,3227,2100,0.325682534950157,626.673333333333,0.462088097408007,9095.8,-0.000212697660914729,0.0543827688073876
denlo4a,4235,2083,0.0263374210318348,754.54920787326,0.0324786347464728,22281.6,0.00514153169177413,0.054612569231183
denlo4b,3262,2167,0.0258080513104889,755.57406552838,0.0327473397224508,22011.8,0.000495047528632558,0.0544021327881214
denhi1a,6527,2664,0.450896244831264,608.283783783784,0.412607067785318,9454.8,0.00532018930843313,0.0500462544613391
denhi1b,5362,3272,0.464075846120783,582.048594132029,0.393227234121996,9033.6,-0.000234062367199976,0.0497194779909602
denhi4a,6118,2818,0.0327397083935637,773.092973740241,0.031336442200177,26582.8,0.0071927397841513,0.0500602275446602
denhi4b,5241,3265,0.0343158431707295,742.352833078101,0.0316343357603734,26627.2,0.00064336185499979,0.0497739416640252
