ID,NDET,NMATCH,SKYMEAN,SKYSTD,SKYSPR,MEDLUMFRAC,MEDLUMFRAC5
denlo1a,4622,2014,0.00363506575200511,0.000922394793847024,0.000303305330206007,1.10446194500406,1.01102340815805
denlo1b,3234,2023,-0.000331097021663382,0.000690647305659647,0.000135506397458913,1.09128196311627,1.01006715213998
denlo4a,4151,2025,0.00454726819994897,0.000973498805321863,0.000147622805242898,1.01360903365607,0.958677200091835
denlo4b,3249,2126,0.000214078028279789,0.000742787567774727,0.00011847614459055,0.974312856178369,0.955751810315599
denhi1a,6499,2766,0.00562653678818607,0.000974725403956169,0.000178107313198469,1.10845446305446,1.01096754805103
denhi1b,5347,3227,-0.000374244563883044,0.00072478184647039,0.000194386286515599,1.10519540542963,1.00844485922244
denhi4a,6127,2757,0.00677181870719574,0.00101726287510795,0.000130685267512417,1.03298753645178,0.971582071983604
denhi4b,5248,3310,0.000330819715552055,0.000697616196968214,0.000201782369249755,1.00314775079165,0.969659012259052
