ID,NDET,NMATCH,AREAFRAC,AREAMEAN,AREAFRAC5,AREAMEAN5,SKYMEAN,SKYSTD,SKYSPR,MEDMAGDIFF,MEDMAGDIFF5
denlo1a,4611,2054,0.30425102395068,591.850535540409,0.375071129760732,9591,0.00383769245942227,0.0546320310013064,0.000203190467964115,-0.1040593317218,-0.0129108096912987
denlo1b,3225,1991,0.319740059314302,642.759919638373,0.361728430958091,9377.8,-0.000253477882101746,0.054386025141042,0.00019328412785553,-0.0956545269774978,-0.0125003445702987
denlo4a,4127,2065,0.0380757002949823,756.246004842615,0.0355149832606812,22307.2,0.0049508841267344,0.0545980614918294,0.000193248592497203,-0.00427088705309941,0.0462136726292997
denlo4b,3214,2171,0.0368532362984168,750.870105941962,0.0370280138032351,22795.8,0.000437051623205797,0.0543817883644266,0.000183258575110154,0.0423002057363995,0.050848697697802
denhi1a,6462,2628,0.422350070116385,616.766362252664,0.384025455540388,8941.2,0.00543381788574998,0.050079068779225,0.000291557056433441,-0.120585541250799,-0.0114516293300007
denhi1b,5337,3281,0.443576455257764,581.878695519659,0.384427407572321,8934.8,-0.000247167232334706,0.049732370447004,4.7668372536188e-05,-0.1056612088226,-0.00920583388220209
denhi4a,6026,2714,0.0459641339683787,778.066691230656,0.0350496786920945,22077.8,0.00692379636781287,0.0500722008709591,0.000259013411537046,-0.0299678363737019,0.039362373753498
denhi4b,5245,3257,0.0481111687687545,739.874731347866,0.039141757533825,25022.4,0.000624842312167018,0.0497782639979031,0.000179382811088544,-0.00899761974039848,0.0376151000919975
