NTOTALDEFAULT,NBRIGHT,NGOOD,CHI2MEDIAN,CHI2MAD
6511,427,187,0.8753266,0.0234188530799999
