NTOTALDEFAULT,NBRIGHT,NGOOD,CHI2MEDIAN,CHI2MAD
6094,4492,1202,0.8667338,0.02328289866
