NTOTALDEFAULT,NBRIGHT,NGOOD,CHI2MEDIAN,CHI2MAD
5261,4003,1588,0.86731295,0.02247540057
