NTOTALDEFAULT,NBRIGHT,NGOOD,CHI2MEDIAN,CHI2MAD
6550,4684,1370,0.86020355,0.02326332834
