NTOTALDEFAULT,NBRIGHT,NGOOD,CHI2MEDIAN,CHI2MAD
6511,4782,1262,0.8598387,0.02315591397
