NTOTALDEFAULT,NBRIGHT,NGOOD,CHI2MEDIAN,CHI2MAD
6169,378,151,0.8809397,0.0250492682999999
