NTOTALDEFAULT,NBRIGHT,NGOOD,CHI2MEDIAN,CHI2MAD
5371,4144,1670,0.8601365,0.0230015753099999
