NTOTALDEFAULT,NBRIGHT,NGOOD,CHI2MEDIAN,CHI2MAD
5421,4094,1769,0.8600645,0.02257643976
