NTOTALDEFAULT,NBRIGHT,NGOOD,CHI2MEDIAN,CHI2MAD
5279,4027,1493,0.8671579,0.0228698463000001
