NTOTALDEFAULT,NBRIGHT,NGOOD,CHI2MEDIAN,CHI2MAD
5279,334,163,0.884092,0.0229089869399999
