NTOTALDEFAULT,NBRIGHT,NGOOD,CHI2MEDIAN,CHI2MAD
6169,4647,1052,0.8666872,0.02299831359
