NTOTALDEFAULT,NBRIGHT,NGOOD,CHI2MEDIAN,CHI2MAD
3258,2559,1041,0.8790343,0.02027351718
