NTOTALDEFAULT,NBRIGHT,NGOOD,CHI2MEDIAN,CHI2MAD
4114,3088,815,0.8765624,0.0204162915600001
