NTOTALDEFAULT,NBRIGHT,NGOOD,CHI2MEDIAN,CHI2MAD
3248,2619,1049,0.8726684,0.01964533956
