NTOTALDEFAULT,NBRIGHT,NGOOD,CHI2MEDIAN,CHI2MAD
3244,2687,1006,0.87280685,0.0196137601800001
