NTOTALDEFAULT,NBRIGHT,NGOOD,CHI2MEDIAN,CHI2MAD
3226,2560,983,0.8794082,0.0202653628800001
