NTOTALDEFAULT,NBRIGHT,NGOOD,CHI2MEDIAN,CHI2MAD
4614,3313,917,0.874293,0.0208541033399999
