ID,NDET,NMATCH,SKYMEAN,SKYSTD,SKYSPR,MEDLUMFRAC,MEDLUMFRAC5
denlo1a,4606,2064,0.00435011016158407,0.00085949080801228,0.000169683127718383,1.09517405866601,1.0141355868349
denlo1b,3242,2110,0.000156262700211731,0.000653980782191359,0.000118473387514685,1.06515340293364,1.010084538613
denlo4a,4122,2212,0.00575249321337502,0.000990244900604744,0.000230114317242744,0.971172840648726,0.953626873197066
denlo4b,3249,2197,0.000971272767678982,0.000871036550634532,0.000147197769761056,0.945193708671146,0.945437246029146
denhi1a,6502,2845,0.00615871269876082,0.000922971241474531,0.000157523304459279,1.09592999257001,1.0118005370531
denhi1b,5376,3384,0.000424793291417736,0.000741891720037985,3.87067008532318e-05,1.07970876501099,1.00742176875314
denhi4a,6105,2696,0.00797092294487177,0.00109140892151286,0.000210062544078985,1.00952323093478,0.952997539467918
denhi4b,5237,3340,0.00133500221305726,0.000912101920004205,0.000229692678677396,0.985249135492226,0.956695237151964
