ID,NDET,NMATCH,SKYMEAN,SKYSTD,MEDLUMFRAC,MEDLUMFRAC5
denlo1a,4641,2001,0.00416149878745071,0.000834357390741498,1.1054232772757,1.01415297330791
denlo1b,3228,2032,1.07085142756433e-05,0.000649532072893735,1.08371715927032,1.01024101687053
denlo4a,4133,2140,0.00546839560196358,0.00103825990171874,0.987897785647742,0.955367211576168
denlo4b,3214,2164,0.000591318615449932,0.00102065011536513,0.960082794223598,0.944827511302609
denhi1a,6431,2790,0.00617354784025343,0.000947096153102668,1.09562974081138,1.00951948978052
denhi1b,5354,3348,0.000126692403980833,0.000713873433693413,1.09331621178382,1.00610436458705
denhi4a,6047,2708,0.00783989194613049,0.00118112752614835,1.00465636578125,0.951316767793361
denhi4b,5240,3323,0.00094312156373411,0.00111585346082163,0.994358464683125,0.960432850138136
