ID,NDET,NMATCH,AREAFRAC,AREAMEAN,AREAFRAC5,AREAMEAN5,SKYMEAN,SKYSTD
denlo1a,4585,2073,0.30499594909141,591.90834539315,0.383540581753921,9807,0.00412826178320382,0.0546615368441292
denlo1b,3237,2072,0.313644280835295,622.298745173745,0.364893239161162,9454.8,-1.44896444473468e-05,0.0544224112362111
denlo4a,4104,2156,0.0376505558932779,745.365955473098,0.0371782387778138,22692,0.00547934806014318,0.0546632622541918
denlo4b,3246,2165,0.0371252501500481,755.859122401848,0.0364109009872747,22428.8,0.000674007001161429,0.0544322098643626
denhi1a,6466,2812,0.412742727323393,587.714082503556,0.386224635935573,9073,0.00580471513657696,0.0501223534590626
denhi1b,5321,3241,0.450914801287256,594.572045664918,0.391649536221841,9100.8,-4.44667852614154e-05,0.0498131381047286
denhi4a,6080,2684,0.0472046068996704,794.848733233979,0.0353952670870463,22418.6,0.00749543166675772,0.0501108484360542
denhi4b,5250,3300,0.0477980915144004,728.945151515152,0.0373188572999104,23923.4,0.000962165777797905,0.0498304725346198
