ID,NDET,NMATCH,SKYMEAN,SKYSTD,LUMFRAC25ALL,LUMFRAC50ALL,LUMFRAC75ALL,LUMFRAC25BIG,LUMFRAC50BIG,LUMFRAC75BIG
denlo1a,4641,2001,0.00416149878745071,0.000834357390741498,1.00587083102858,1.1054232772757,1.24873376306221,1.01139828724637,1.0229597786579,1.05214994415646
denlo1b,3228,2032,1.07085142756433e-05,0.000649532072893735,1.0034943364554,1.08371715927032,1.20525289854254,1.0078915030223,1.02633681335651,1.03527310801635
denlo4a,4133,2140,0.00546839560196358,0.00103825990171874,0.877293413845549,0.987897785647742,1.13428342643411,0.919118644828323,0.937577734962587,0.956104898852761
denlo4b,3214,2164,0.000591318615449932,0.00102065011536513,0.868698804622051,0.960082794223598,1.09325057115303,0.917130255242647,0.93719876327522,0.95501293244754
denhi1a,6431,2790,0.00617354784025343,0.000947096153102668,0.984004916701988,1.09562974081138,1.22888299013422,1.00785609677187,1.02214348580533,1.04359035061046
denhi1b,5354,3348,0.000126692403980833,0.000713873433693413,1.00180046813293,1.09331621178382,1.21946694138132,1.00675279958142,1.02208420510458,1.03783302683214
denhi4a,6047,2708,0.00783989194613049,0.00118112752614835,0.90007495680515,1.00465636578125,1.1572621583543,0.932878674274983,0.951316767793361,0.968512212673191
denhi4b,5240,3323,0.00094312156373411,0.00111585346082163,0.891991799468973,0.994358464683125,1.14137045706015,0.925100492315812,0.9509986301995,0.96344601511718
