ID,NDET,NMATCH,AREAFRAC,AREAMEAN,AREAFRAC5,AREAMEAN5,SKYMEAN,SKYSTD
denlo1a,4573,2049,0.306463922098456,592.822840409956,0.374349546609741,9577.2,0.00414396681652473,0.0546567309292468
denlo1b,3237,2057,0.314843633604945,626.246475449684,0.358689268098489,9297.4,-5.83619284043157e-06,0.0544162895165397
denlo4a,4088,2148,0.037502434693883,741.939944134078,0.0374454202218113,22575.4,0.00551294867997463,0.0546570530051255
denlo4b,3225,2192,0.0366557970574708,737.240875912409,0.0346926992243198,21335.4,0.000819299276221634,0.0544263300253241
denhi1a,6473,2821,0.41292002301195,586.87451258419,0.381642145544796,8941.6,0.00581870865832872,0.0501126866252892
denhi1b,5326,3231,0.452793496126718,596.66573816156,0.390178852920594,9048.6,-3.08774102250192e-05,0.0498046176694009
denhi4a,6070,2749,0.0468341287666106,776.078210258276,0.0342875543998392,21732.2,0.0078386544541842,0.0501159341195241
denhi4b,5266,3292,0.0481933438700581,735.100243013366,0.0360331117939371,23211.6,0.00106098024457364,0.0498165975318644
