ID,NDET,NMATCH,AREAFRAC,AREAMEAN,AREAFRAC5,AREAMEAN5,SKYMEAN,SKYSTD
denlo1a,2743,2153,0.0440223299075897,137.984208081746,0.21660239670443,4247.4,0.00668473029314641,0.0550730138639423
denlo1b,2552,2070,0.0451373731796476,143.25652173913,0.217452835295137,4260.8,0.00175348269703981,0.0546668782521037
denlo4a,2780,1785,0.00248652343335503,136.442577030812,0.00812904746120057,5514.6,0.00834531828005237,0.0548798492105202
denlo4b,2670,1789,0.00249708187768308,137.089435438793,0.00804012207835319,5471.2,0.00286647801871087,0.0545309637681145
denhi1a,4906,4027,0.0625772763371448,120.65905140303,0.164857677550411,3828.4,0.00996453154197983,0.0514212849333233
denhi1b,4717,3955,0.0638613742829138,123.479140328698,0.166039021400369,3853,0.00296294236557751,0.0508455749984489
denhi4a,4750,3261,0.00340750801419268,126.044464888071,0.00858540536777508,7245.4,0.0125695158465848,0.0511381002481421
denhi4b,4613,3199,0.00346237998321617,129.287277274148,0.00870993106521049,7352.4,0.00486472275551228,0.0506820126519581
