ID,NDET,NMATCH,AREAFRAC,AREAMEAN,AREAFRAC5,AREAMEAN5,SKYMEAN,SKYSTD,SKYSPR,MEDMAGDIFF,MEDMAGDIFF5
denlo1a,2748,2170,0.0425474093609043,136.314285714286,0.155532698781153,3969.4,0.00680236046215468,0.0550708984150881,0.000512077959248575,0.0905720405304997,0.0244336707343997
denlo1b,2560,2074,0.0442321653799455,143.250241080039,0.140336746402356,3701,0.00174333066818069,0.0546622884990507,0.000409374785098593,0.0981087944799999,0.0213607193661005
denlo4a,2808,1805,0.00351843323251324,134.791689750693,0.00897566353204158,5524.8,0.00820277588967019,0.0548714208693638,0.00124620610167594,0.255681580364399,0.2069406326017
denlo4b,2640,1778,0.00359423959626819,138.352643419573,0.00894165954325155,5489,0.00281804025906029,0.0545343951043114,0.000632260975781349,0.2677598789068,0.2104083903142
denhi1a,4870,3971,0.0600960701718236,121.699571896248,0.15887599006678,3792.8,0.0101382638280379,0.0514079571872229,0.000454805244604986,0.0948813177436989,0.0279053031499998
denhi1b,4711,3990,0.0608299549708809,122.365914786967,0.159198908948995,3794.2,0.00295706616493603,0.0508523175402258,0.000454620989065489,0.113570118045452,0.027395886873002
denhi4a,4767,3293,0.00475666772025969,125.29517157607,0.00988062760685145,6338.6,0.0124288898977899,0.0511623696054002,0.00077845462221213,0.217858763082301,0.214608939817499
denhi4b,4606,3263,0.00482620391307393,127.403922770457,0.00989720237550022,6330.6,0.00484357247042976,0.0506601205057319,0.00104338374086698,0.243984627116802,0.217596898617501
