ID,NDET,NMATCH,SKYMEAN,SKYSTD,MEDLUMFRAC,MEDLUMFRAC5
denlo1a,2748,2170,0.00680356398329974,0.00153886384919382,0.919964743654001,0.977747089190226
denlo1b,2560,2074,0.00174307026585955,0.00137186174659612,0.913600838394434,0.980518319588535
denlo4a,2808,1805,0.00819979772880557,0.00279797098911794,0.790182428363691,0.826463631011271
denlo4b,2640,1778,0.00281333296131935,0.00274790114428267,0.781440738773563,0.823828180858427
denhi1a,4870,3971,0.0101373158462946,0.00160115530609311,0.916320648022174,0.974625743963617
denhi1b,4711,3990,0.00295574392647341,0.00152127520294141,0.900682973808255,0.975083135646839
denhi4a,4767,3293,0.0124402675844937,0.00331657268801526,0.818194385028711,0.820647071552942
denhi4b,4606,3263,0.00484952310493254,0.00337789822878356,0.798741315368539,0.818391745928775
