ID,NDET,NMATCH,SKYMEAN,SKYSTD,SKYSPR,MEDLUMFRAC,MEDLUMFRAC5
denlo1a,2748,2170,0.00680236046215468,0.00158883943774578,0.000512077959248575,0.919964743654001,0.977747089190226
denlo1b,2560,2074,0.00174333066818069,0.00141131500787719,0.000409374785098593,0.913600838394434,0.980518319588535
denlo4a,2808,1805,0.00820277588967019,0.00285712181860001,0.00124620610167594,0.790182428363691,0.826463631011271
denlo4b,2640,1778,0.00281804025906029,0.00281098108096251,0.000632260975781349,0.781440738773563,0.823828180858427
denhi1a,4870,3971,0.0101382638280379,0.00165870665807532,0.000454805244604986,0.916320648022174,0.974625743963617
denhi1b,4711,3990,0.00295706616493603,0.00156838696703302,0.000454620989065489,0.900682973808255,0.975083135646839
denhi4a,4767,3293,0.0124288898977899,0.00336363860661507,0.00077845462221213,0.818194385028711,0.820647071552942
denhi4b,4606,3263,0.00484357247042976,0.00341964127732194,0.00104338374086698,0.798741315368539,0.818391745928775
