ID,BACK,RMS,THRESH,NOBJ
denlo1a,0.00548721,0.0549152,0.0823728,2768
denlo1b,0.00128189,0.0545273,0.081791,2549
denlo4a,0.00498013,0.0546874,0.082031,2789
denlo4b,0.00126792,0.0543978,0.0815967,2670
denhi1a,0.00840038,0.0511771,0.0767657,4903
denhi1b,0.00210443,0.0506457,0.0759686,4727
denhi4a,0.00803177,0.0508291,0.0762437,4745
denhi4b,0.00247879,0.0503843,0.0755764,4626
