ID,NOBJ,SKYMEAN,SKYSTD
denlo1a,2743,0.00668473029314641,0.0550730138639423
denlo1b,2552,0.00175348269703981,0.0546668782521037
denlo4a,2780,0.00834531828005237,0.0548798492105202
denlo4b,2670,0.00286647801871087,0.0545309637681145
denhi1a,4906,0.00996453154197983,0.0514212849333233
denhi1b,4717,0.00296294236557751,0.0508455749984489
denhi4a,4750,0.0125695158465848,0.0511381002481421
denhi4b,4613,0.00486472275551228,0.0506820126519581
