ID,NDET,NMATCH,AREAFRAC,AREAMEAN,AREAFRAC5,AREAMEAN5,SKYMEAN,SKYSTD,SKYSPR,MEDMAGDIFF,MEDMAGDIFF5
denlo1a,4665,2081,0.307542201928116,591.648726573763,0.381437770284891,9751.6,0.00408259812016575,0.0546259637708526,0.00025066592165643,-0.1014528167909,-0.0100903987205996
denlo1b,3244,2092,0.311104234100974,618.732791586998,0.354153928812972,9178.4,5.20097973794657e-07,0.0543916603425706,0.000147104674714998,-0.0822412316763508,-0.00814359443189971
denlo4a,4114,2208,0.0372075129926581,729.283061594203,0.0388939650481539,23456.6,0.00569259996102264,0.0546388301090743,0.000389683611548217,0.0232922486189491,0.0524487183319984
denlo4b,3226,2192,0.0367583020840566,743.552919708029,0.0365944862357163,22530.6,0.00104514020960775,0.054407242563511,0.000247824685520729,0.0612206098050496,0.0578612656112014
denhi1a,6511,2794,0.416590625858671,592.789191123837,0.382423288820762,8969.2,0.00584697218665988,0.0500751540579473,0.000174594514537603,-0.110945297969801,-0.0107738584464023
denhi1b,5371,3323,0.446132762767015,579.743003310262,0.388880473586953,9033.6,-3.35109914287207e-05,0.0497629178154448,7.33542653714807e-05,-0.0996214114735992,-0.00784705934029972
denhi4a,6169,2728,0.0475503291112602,789.302785923754,0.0365235899446421,23205.2,0.00776653644430876,0.0500733504574162,0.000172189699716295,-0.0180117950601488,0.0493437907535998
denhi4b,5279,3351,0.0481320089670158,729.183825723665,0.037981378243099,24301.6,0.0013953496056445,0.0497978779755026,0.000211265743392903,0.0114390368738988,0.0533105551510999
