ID,NOBJ,SKYMEAN,SKYSTD
denlo1a,4495,0.00407643410699375,0.0546340211943272
denlo1b,3243,-1.57038670041308e-05,0.0543827316019918
denlo4a,4236,0.00570039516851307,0.0546463342534073
denlo4b,3271,0.000999066784442246,0.0544061876882439
denhi1a,6545,0.00564114882859793,0.0500623834671823
denhi1b,5360,8.23475486554798e-06,0.0497639923757234
denhi4a,6121,0.00810772689957438,0.0500975060687507
denhi4b,5267,0.00141303812955431,0.0498074864809976
