ID,NDET,NMATCH,SKYMEAN,SKYSTD,LUMFRAC25ALL,LUMFRAC50ALL,LUMFRAC75ALL,LUMFRAC25BIG,LUMFRAC50BIG,LUMFRAC75BIG
denlo1a,4614,2324,0.00457925094923537,0.000622061944722943,0.973607759271996,1.07402292334148,1.21408788529594,1.00245788220106,1.01719941844408,1.0496795193915
denlo1b,3248,2205,0.000188092401566925,0.000463482123468151,0.988325034951314,1.06091996834121,1.17373847488466,1.00736887325664,1.02309773883961,1.03383851195063
denlo4a,4137,2305,0.00571192106686621,0.000734239354637345,0.861827951533354,0.974078128339836,1.12555732171388,0.926957461660998,0.945803250320295,0.969293624978925
denlo4b,3258,2286,0.000910586327425783,0.000558977462098395,0.854385201210281,0.942957648055481,1.06529417985621,0.920567642373983,0.938762622951689,0.9555414214981
denhi1a,6550,3090,0.00643858454108889,0.000790328348290568,0.971285423760207,1.08700528354389,1.21723108583654,1.0054811645527,1.02190046263753,1.03402647554816
denhi1b,5421,3553,0.000244736995301753,0.000448118619764609,0.9930737646365,1.0769425772046,1.20296176293442,1.00405107456246,1.02171263630573,1.05448389529798
denhi4a,6094,3001,0.00806876772366681,0.000841484289107703,0.883251373231261,0.996212537406049,1.14327305549771,0.935326274495565,0.953035476862885,0.96614641610176
denhi4b,5261,3468,0.00126770641898487,0.000657434061445267,0.882908855968694,0.981050760289279,1.1174104762274,0.940291371476288,0.949585122563305,0.96672509694206
