ID,NDET,NMATCH,SKYMEAN,SKYSTD,MEDLUMFRAC,MEDLUMFRAC5
denlo1a,4665,2081,0.00408184568934582,0.000821900445831481,1.09794636878246,1.00933692027164
denlo1b,3244,2092,-8.98077049693212e-07,0.000601924672305008,1.0786896086187,1.00752872707389
denlo4a,4114,2208,0.00569205465621842,0.00102620330114382,0.978775551441235,0.952841167708953
denlo4b,3226,2192,0.00104709288438634,0.000956373060613239,0.945173977911616,0.948102941005998
denhi1a,6511,2794,0.00584944794432472,0.000875319866052334,1.1075876901178,1.00997248745753
denhi1b,5371,3323,-3.1708679844129e-05,0.000624592847173264,1.09609592861132,1.0072535894979
denhi4a,6169,2728,0.00777149566723941,0.00110597018898013,1.01672784607683,0.955569949453707
denhi4b,5279,3351,0.00140242776499814,0.00100049052049475,0.989519564217233,0.95208512055887
