ID,NDET,NMATCH,SKYMEAN,SKYSTD,SKYSPR,MEDLUMFRAC,MEDLUMFRAC5
denlo1a,4665,2081,0.00408259812016575,0.000822941915461811,0.00025066592165643,1.09794636878246,1.00933692027164
denlo1b,3244,2092,5.20097973794657e-07,0.000602975263336916,0.000147104674714998,1.0786896086187,1.00752872707389
denlo4a,4114,2208,0.00569259996102264,0.00102766418536611,0.000389683611548217,0.978775551441235,0.952841167708953
denlo4b,3226,2192,0.00104514020960775,0.000957931951545878,0.000247824685520729,0.945173977911616,0.948102941005998
denhi1a,6511,2794,0.00584697218665988,0.000875868827086969,0.000174594514537603,1.1075876901178,1.00997248745753
denhi1b,5371,3323,-3.35109914287207e-05,0.000626873080046608,7.33542653714807e-05,1.09609592861132,1.0072535894979
denhi4a,6169,2728,0.00776653644430876,0.00110654903334873,0.000172189699716295,1.01672784607683,0.955569949453707
denhi4b,5279,3351,0.0013953496056445,0.00100168579761414,0.000211265743392903,0.989519564217233,0.95208512055887
