ID,NDET,NMATCH,AREAFRAC,AREAMEAN,AREAFRAC5,AREAMEAN5,SKYMEAN,SKYSTD
denlo1a,4495,2121,0.33340439072567,588.617161716172,0.495392693794228,9636.6,0.00407643410699375,0.0546340211943272
denlo1b,3243,2094,0.328624903642789,629.590735434575,0.466544829252991,9197,-1.57038670041308e-05,0.0543827316019918
denlo4a,4236,2122,0.0266029063006062,746.107917059378,0.0326837187829476,22404.6,0.00570039516851307,0.0546463342534073
denlo4b,3271,2196,0.0258211922359928,759.837887067395,0.0339099950031976,22641.8,0.000999066784442246,0.0544061876882439
denhi1a,6545,2685,0.455596197145308,612.913966480447,0.412877723888322,9454.6,0.00564114882859793,0.0500623834671823
denhi1b,5360,3371,0.459439473218057,568.573716997923,0.390745784105098,8996.8,8.23475486554798e-06,0.0497639923757234
denhi4a,6121,2920,0.0328500146876319,759.406849315068,0.0313683519717859,26564.8,0.00810772689957438,0.0500975060687507
denhi4b,5267,3357,0.0342419417749598,740.46291331546,0.0321310952343715,27065.4,0.00141303812955431,0.0498074864809976
