ID,NDET,NMATCH,AREAFRAC,AREAMEAN,AREAFRAC5,AREAMEAN5,SKYMEAN,SKYSTD
denlo1a,2833,2234,0.04237251847623,134.967770814682,0.158829901130107,4052,0.00620387941791853,0.0543797255199059
denlo1b,2622,2112,0.0444400077614021,143.229166666667,0.143608408819991,3787,0.00124782424600886,0.0539714307148276
denlo4a,2856,1868,0.00351281948804357,134.214668094218,0.00975086932289826,6021.6,0.00775450347431632,0.0543250376724628
denlo4b,2667,1835,0.00359283582270517,137.86757493188,0.0096083543863855,5935.2,0.00242240049624812,0.053990943194905
denhi1a,5095,4165,0.0600536709824179,119.887394957983,0.162766836112863,3886.6,0.00927417463084543,0.05013723550598
denhi1b,4880,4139,0.0611758183990232,121.644841749215,0.16306778890922,3890,0.00213290986400907,0.0495949174420681
denhi4a,4911,3446,0.00479321628350609,124.921358096344,0.0108043078914194,6967.6,0.0117309234100864,0.0501280127143892
denhi4b,4720,3433,0.00482464265697133,126.053597436644,0.0108608395000045,6997.8,0.00415135842198615,0.0496783406872871
