ID,NDET,NMATCH,AREAFRAC,AREAMEAN,AREAFRAC5,AREAMEAN5,SKYMEAN,SKYSTD
denlo1a,2816,2219,0.0439006765754719,136.519152771519,0.220996665366401,4336.8,0.00609333002469052,0.0543634832569297
denlo1b,2590,2102,0.0454267402170223,143.36013320647,0.221402078754917,4335.2,0.00126256365922224,0.0539896212661247
denlo4a,2838,1838,0.00249141356093796,136.355277475517,0.00872495261185594,5935.2,0.00791119139712212,0.0543360761953297
denlo4b,2701,1837,0.00250572415214097,137.882416984213,0.00884355246671214,6024.2,0.00244232527520252,0.0539836715240263
denhi1a,5134,4204,0.0626688035524221,119.04257849667,0.168738591152297,3921,0.00914525773700943,0.0501313771581898
denhi1b,4855,4117,0.0642289640036751,122.427009958708,0.170256678198242,3952.8,0.00216054787881088,0.0496105855560413
denhi4a,4890,3420,0.00343403587296809,125.638011695906,0.00959806424137074,8158,0.0118433177146441,0.0501134718118296
denhi4b,4730,3364,0.0034682861858895,128.172711058264,0.0095821140391154,8137.8,0.00414086325589917,0.0496773086903749
