ID,NDET,NMATCH,SKYMEAN,SKYSTD,SKYSPR,MEDLUMFRAC,MEDLUMFRAC5
denlo1a,2913,2332,0.00513746282419539,0.00105697423274524,0.000143601505838479,0.954522479975323,0.981558802280838
denlo1b,2663,2174,0.000437856788003833,0.000928865426033101,0.000188238879881835,0.950926580603098,0.981770467335929
denlo4a,2904,1994,0.0067779093305401,0.00158909362193103,0.0006906687681588,0.809520035575099,0.849090844652815
denlo4b,2725,1953,0.0015547342868717,0.00143966788568232,0.000269731747686078,0.801556056847248,0.846141219739429
denhi1a,5254,4289,0.00783987070563392,0.0011498746002291,0.000542195184464495,0.967082452607899,0.9787529415404
denhi1b,5021,4308,0.000855835714052149,0.000910140790182709,0.000175478368310318,0.952399648006567,0.981177805088681
denhi4a,5055,3714,0.0101972714734977,0.00166569817091076,0.000479927909351441,0.851012818713347,0.866488584386981
denhi4b,4863,3725,0.00264294784047259,0.00164617346718412,0.000295428505682406,0.831367897814607,0.86179827681696
