ID,NDET,NMATCH,SKYMEAN,SKYSTD,SKYSPR,MEDLUMFRAC,MEDLUMFRAC5
denlo1a,2837,2236,0.00620387941791853,0.00130535115602076,0.000389959517477271,0.931875961503057,0.981561415429736
denlo1b,2620,2111,0.00124782424600886,0.00110856266084709,0.000281035156514812,0.927219052979774,0.984069506710032
denlo4a,2858,1868,0.00775450347431632,0.00216549181980414,0.000993612487384408,0.79569839477755,0.841845717141789
denlo4b,2668,1834,0.00242240049624812,0.00206512211815368,0.000475834538381132,0.785889453367412,0.839217977435994
denhi1a,5098,4169,0.00927417463084543,0.00135904036827006,0.000515410356053868,0.934852592146315,0.978787351542174
denhi1b,4883,4142,0.00213290986400907,0.00116136174266408,0.00028588032986869,0.918523571243342,0.979566869587409
denhi4a,4909,3446,0.0117309234100864,0.00239600757421336,0.000618210235680806,0.824072542815595,0.851677863015532
denhi4b,4722,3438,0.00415135842198615,0.00245833348515716,0.000732037681714699,0.807588285700253,0.850521927606934
