ID,NDET,NMATCH,SKYMEAN,SKYSTD,MEDLUMFRAC,MEDLUMFRAC5
denlo1a,2913,2332,0.00514121597807583,0.00102201435308402,0.954522479975323,0.981558802280838
denlo1b,2663,2174,0.000438745590778311,0.00089740380129144,0.950926580603098,0.981770467335929
denlo4a,2904,1994,0.00678237601178513,0.00155451868059259,0.809520035575099,0.849090844652815
denlo4b,2725,1953,0.00155528436124119,0.00139674516761545,0.801556056847248,0.846141219739429
denhi1a,5254,4289,0.00783855485886788,0.00111149453279719,0.967082452607899,0.9787529415404
denhi1b,5021,4308,0.000857319020383326,0.000880336729161334,0.952399648006567,0.981177805088681
denhi4a,5055,3714,0.0102052272075096,0.00162962720733056,0.851012818713347,0.866488584386981
denhi4b,4863,3725,0.00264862751365107,0.0016215458365375,0.831367897814607,0.86179827681696
