ID,NDET,NMATCH,AREAFRAC,AREAMEAN,AREAFRAC5,AREAMEAN5,SKYMEAN,SKYSTD,SKYSPR,MEDMAGDIFF,MEDMAGDIFF5
denlo1a,2833,2234,0.04237251847623,134.967770814682,0.158829901130107,4052,0.00620387941791853,0.0543797255199059,0.000389959517477271,0.0764559531316014,0.0202063044804
denlo1b,2622,2112,0.0444400077614021,143.229166666667,0.143608408819991,3787,0.00124782424600886,0.0539714307148276,0.000281035156514812,0.0807869400371004,0.0174543628118009
denlo4a,2856,1868,0.00351281948804357,134.214668094218,0.00975086932289826,6021.6,0.00775450347431632,0.0543250376724628,0.000993612487384408,0.24796798726285,0.186955686648002
denlo4b,2667,1835,0.00359283582270517,137.86757493188,0.0096083543863855,5935.2,0.00242240049624812,0.053990943194905,0.000475834538381132,0.262061015445099,0.190313053523301
denhi1a,5095,4165,0.0600536709824179,119.887394957983,0.162766836112863,3886.6,0.00927417463084543,0.05013723550598,0.000515410356053868,0.073902883743898,0.0232791287229013
denhi1b,4880,4139,0.0611758183990232,121.644841749215,0.16306778890922,3890,0.00213290986400907,0.0495949174420681,0.00028588032986869,0.0913993655648007,0.0224147794652012
denhi4a,4911,3446,0.00479321628350609,124.921358096344,0.0108043078914194,6967.6,0.0117309234100864,0.0501280127143892,0.000618210235680806,0.210098872603149,0.174311602196003
denhi4b,4720,3433,0.00482464265697133,126.053597436644,0.0108608395000045,6997.8,0.00415135842198615,0.0496783406872871,0.000732037681714699,0.2320008418829,0.1757961352866
