ID,NDET,NMATCH,SKYMEAN,SKYSTD,SKYSPR,MEDLUMFRAC,MEDLUMFRAC5
denlo1a,3958,2261,0.00616204833059702,0.000192338658713627,0.000189700802064389,0.868922148982584,0.850411576652434
denlo1b,3880,2212,0.00106835084151615,0.000165113457324844,0.000195487334231454,0.865675719746129,0.852509398889285
denlo4a,3702,1178,0.00789876064439605,0.000674627166479024,0.000616659442268844,0.753744873627922,0.734734617335992
denlo4b,3640,1158,0.00248883093211755,0.000621572454278658,0.000484625006851193,0.726806259477178,0.663171957154987
denhi1a,6008,3773,0.0089919084199654,0.000233433684304299,0.000246796799560795,0.865330136086717,0.848135094389579
denhi1b,6759,4265,0.00165694351557986,0.000190397770970752,0.000146825821559798,0.86355304900567,0.85181371793844
denhi4a,5410,2148,0.0117195823000394,0.000727609835363481,0.000542078370639231,0.757375052211995,0.739349116462603
denhi4b,5934,2415,0.00395472662507374,0.000710047229163622,0.00047441981516329,0.742401467140193,0.754882425370497
