ID,NDET,NMATCH,SKYMEAN,SKYSTD,MEDLUMFRAC,MEDLUMFRAC5
denlo1a,3958,2261,0.00615861521355185,0.000186684411055293,0.868922148982584,0.850411576652434
denlo1b,3880,2212,0.00106590162537854,0.000160310278811926,0.865675719746129,0.852509398889285
denlo4a,3702,1178,0.00789392246750727,0.000667091797510395,0.753744873627922,0.734734617335992
denlo4b,3640,1158,0.00248498972332047,0.000616796596040525,0.726806259477178,0.663171957154987
denhi1a,6008,3773,0.00899461844413079,0.000231351668606425,0.865330136086717,0.848135094389579
denhi1b,6759,4265,0.00166114564299099,0.000185542948233949,0.86355304900567,0.85181371793844
denhi4a,5410,2148,0.011733953939916,0.000715713500974228,0.757375052211995,0.739349116462603
denhi4b,5934,2415,0.00397108224892797,0.00069424333097781,0.742401467140193,0.754882425370497
