ID,NDET,NMATCH,AREAFRAC,AREAMEAN,AREAFRAC5,AREAMEAN5,SKYMEAN,SKYMEANERR,SKYSTD,SKYSPR,MEDMAGDIFF,MEDMAGDIFF5
denlo1a,3958,2261,0.251343275428593,515.017691287041,0.228152957811602,5567.4,0.00616204833059702,4.63500289331055e-08,0.000192338658713627,0.000189700802064389,0.152547830977998,0.1759270909848
denlo1b,3880,2212,0.271175273440112,559.250452079566,0.248666528432021,6077.2,0.00106835084151615,3.978926324761e-08,0.000165113457324782,0.000195487334231264,0.156611908239,0.173252060565197
denlo4a,3702,1178,0.0312341694489883,392.747028862479,0.0133080000171229,1604.8,0.00789876064439605,1.62572562866408e-07,0.000674627166479024,0.000616659442268844,0.306939091549602,0.334673744257902
denlo4b,3640,1158,0.0317182715853615,405.960276338515,0.019842940377645,968.6,0.00248883093211778,1.49787366889592e-07,0.000621572454277642,0.000484625006851193,0.346453355962849,0.445934616542299
denhi1a,6008,3773,0.400682102563561,494.591571693613,0.180272434106245,4002.6,0.0089919084199654,5.62531635284774e-08,0.000233433684304299,0.000246796799560795,0.157045428080199,0.1788374151276
denhi1b,6759,4265,0.440324293639971,506.931066822978,0.198897539829914,4383,0.00165694351557986,4.58823111917017e-08,0.000190397770970752,0.000146825821559798,0.159277445233297,0.174138425397999
denhi4a,5410,2148,0.0412103927824609,397.233705772812,0.0165118521917676,1297.6,0.0117195823000394,1.75340397747715e-07,0.000727609835363481,0.000542078370639231,0.30172254062505,0.327876104450301
denhi4b,5934,2415,0.0456684593435954,415.498550724638,0.0172950797769687,2512.4,0.00395472662507374,1.71108137260154e-07,0.000710047229163622,0.00047441981516329,0.323402946329598,0.305301713606202
