ID,NDET,NMATCH,AREAFRAC,AREAMEAN,AREAFRAC5,AREAMEAN5,SKYMEAN,SKYSTD,SKYSPR,MEDMAGDIFF,MEDMAGDIFF5
denlo1a,245,244,0.28101078574567,1606.35245901639,0.278003492664655,6916,0.00814733638985703,NA,0.00046274555021698,0.167350578059501,0.176826415854698
denlo1b,305,302,0.304467697601872,1517.2119205298,0.275907734502865,6882.2,0.00295983189235693,NA,0.000452019676649237,0.166233694167351,0.174323134294799
denlo4a,269,30,0.0254842650700444,757.966666666667,0.0160396914034978,944,0.00938390587920132,NA,0.00066816781621965,0.435341703543751,0.3577807087634
denlo4b,306,43,0.0284419373286091,752.767441860465,0.0171502255200045,980,0.00391608724811554,NA,0.000524382727537937,0.421781505660903,0.349607919960803
denhi1a,383,379,0.386897866970014,1527.36147757256,0.251930286456556,5876,0.0116976091919829,NA,0.000573596702560859,0.169468305328099,0.1797215645128
denhi1b,523,510,0.454629952609894,1462.28039215686,0.268422331608691,6240.4,0.00426070387404662,NA,0.000396967143345458,0.169816345730199,0.1773805313385
denhi4a,391,74,0.0389127878454165,799.918918918919,0.0157512311509659,1449.6,0.0138129762500285,NA,0.000740640419134686,0.387010706679851,0.348598842059999
denhi4b,477,112,0.044567931278654,821.276785714286,0.01745418234762,1624.6,0.00603263095459873,NA,0.000686595050836551,0.382922863770849,0.328574739319102
