GAIN,XSIZE,YSIZE,RMS,SKY_LEVEL_PIXEL
557.926737435189,4200,4100,0.0543001,1.64504746515023
