ID,NDET,NMATCH,SKYMEAN,SKYSTD,SKYSPR,MEDLUMFRAC,MEDLUMFRAC5
denlo1a,2773,2206,0.00632782528478896,0.00139933949020752,0.00029692530209724,0.92867148374838,0.981899382678115
denlo1b,2585,2095,0.00129259112601635,0.00119255508811375,0.000303804919579024,0.921205457133981,0.981943806208219
denlo4a,2843,1883,0.00720600860329695,0.00161592642009057,0.000448573780638306,0.806642626702727,0.844359364416401
denlo4b,2661,1860,0.0018406175331349,0.00148018429353398,0.000229696800615381,0.794681673839237,0.844250692666213
denhi1a,4953,4074,0.00948944443637819,0.00141636131012807,0.000472002563514432,0.926279880332223,0.978411635497902
denhi1b,4763,4068,0.00228440469963946,0.00125499909666055,0.000504008009430794,0.913941655560397,0.97951026861222
denhi4a,4864,3458,0.0108785514412925,0.00176959880428625,0.000591214175104748,0.837952380151996,0.852752285047888
denhi4b,4669,3473,0.00328232083281435,0.00172126812445173,0.000880835859994446,0.819581170865898,0.861973660120391
