ID,BACK,RMS,THRESH,NOBJ
denlo1a,0.00653918,0.0549044,0.0823565,2743
denlo1b,0.00161623,0.0544886,0.0817329,2552
denlo4a,0.00792256,0.0547277,0.0820916,2780
denlo4b,0.00236729,0.0543881,0.0815822,2670
denhi1a,0.00987881,0.0512481,0.0768721,4906
denhi1b,0.00284355,0.0506817,0.0760226,4717
denhi4a,0.0119168,0.0509108,0.0763663,4750
denhi4b,0.00407702,0.050438,0.075657,4613
