ID,NDET,NMATCH,AREAFRAC,AREAMEAN,AREAFRAC5,AREAMEAN5,SKYMEAN,SKYSTD,SKYSPR,MEDMAGDIFF,MEDMAGDIFF5
denlo1a,2765,2197,0.0424756751459962,136.173418297679,0.160105255591337,4078.6,0.00632782528478896,0.0548833533193713,0.00029692530209724,0.079836071775599,0.0198325325348989
denlo1b,2585,2092,0.0442185005660532,143.258604206501,0.161180590457912,4112,0.00129259112601635,0.0544893805176312,0.000303804919579024,0.0893262096839997,0.0197834122840987
denlo4a,2843,1880,0.00349817936440621,135.694680851064,0.0102688039832505,6360,0.00720600860329695,0.0547144021939428,0.000448573780638306,0.235006508549249,0.183716541233402
denlo4b,2660,1855,0.00357874572308001,139.185983827493,0.0101909469427195,6312.4,0.0018406175331349,0.0543593322509435,0.000229696800615381,0.249083903852799,0.183821435937801
denhi1a,4933,4059,0.0597498970702623,120.69844789357,0.161460248008065,3858.2,0.00948944443637819,0.0510884849837225,0.000472002563514432,0.082599423734198,0.023695978026101
denhi1b,4741,4050,0.0608580695955779,122.283950617284,0.162514277794997,3876.8,0.00228440469963946,0.0505376889877391,0.000504008009430794,0.0967875246694501,0.022477516890703
denhi4a,4863,3463,0.00471238608476385,125.310424487439,0.0111092959516661,7148.8,0.0108785514412925,0.0508351725121982,0.000591214175104748,0.191948833479501,0.172995044315201
denhi4b,4670,3478,0.0047495573479338,126.274583093732,0.0113367630870304,7302.2,0.00328232083281435,0.0503468283624145,0.000880835859994446,0.2170327673717,0.161265012465901
