ID,NDET,NMATCH,SKYMEAN,SKYSTD,LUMFRAC25ALL,LUMFRAC50ALL,LUMFRAC75ALL,LUMFRAC25BIG,LUMFRAC50BIG,LUMFRAC75BIG
denlo1a,2962,2375,0.00414327054532699,0.00126210621652474,0.861145778263164,0.976484375503068,1.092244984369,0.968159514315334,0.985950694375286,0.993608155948742
denlo1b,2693,2178,-0.000480207574395889,0.00111129599360917,0.879376615687293,0.971033465724604,1.05600220757584,0.973514513296552,0.98158486413844,0.997357619271463
denlo4a,3037,2209,0.00424663536302692,0.00169398566448715,0.768731700611877,0.861130743294933,1.00092069583932,0.834219162098833,0.858242515130103,0.867318229144945
denlo4b,2796,2125,-0.000893210174288461,0.00163535430163125,0.767604825290399,0.851424392758391,0.969205550165267,0.826239194695016,0.84880011081478,0.863914817515531
denhi1a,5403,4282,0.00609505584313483,0.00162343291005955,0.883438875849396,0.999522430281987,1.14375117680023,0.979251194583876,0.987400631791104,1.00712209620764
denhi1b,5094,4300,-0.000602792545255932,0.00128446771798482,0.892624654555897,0.988592809699449,1.10756154545149,0.982206687251934,0.98770257940456,1.00154742689
denhi4a,5346,4014,0.0061166587539935,0.0021855439589217,0.814059649286472,0.928593404069809,1.11217626070146,0.847272687157579,0.876177847562038,0.89028250769733
denhi4b,5059,3986,-0.00121114166289594,0.00209756116880207,0.816702211833909,0.916695183193139,1.07745422550707,0.855236751540501,0.872930467307693,0.887188597456714
