ID,NDET,NMATCH,SKYMEAN,SKYSTD,MEDLUMFRAC,MEDLUMFRAC5
denlo1a,2970,2388,0.00413703849178002,0.00126927497245437,0.979573348500316,0.988388654346408
denlo1b,2690,2174,-0.000484948682583906,0.00111700279685612,0.971248994007843,0.982642387994935
denlo4a,3030,2200,0.00427722185561196,0.00170476468252652,0.860545726703944,0.859979186133223
denlo4b,2795,2122,-0.000852730371755631,0.001619419486374,0.850703863342486,0.859714347141299
denhi1a,5402,4280,0.00610717140636907,0.00163530250743578,0.999334799452491,0.98188641342405
denhi1b,5097,4329,-0.000614846140649919,0.00126740791222415,0.989582197351073,0.982292684860388
denhi4a,5346,4011,0.00613828336142583,0.00220840178349478,0.931981946572794,0.883712819171926
denhi4b,5058,3979,-0.00119744566905177,0.00207608190421503,0.915507346769984,0.879551847667058
