ID,NDET,NMATCH,AREAFRAC,AREAMEAN,AREAFRAC5,AREAMEAN5,SKYMEAN,SKYSTD
denlo1a,2763,2200,0.0423652531888383,135.621818181818,0.156336336946331,3989.8,0.00639921349207852,0.0548935500670938
denlo1b,2577,2082,0.0443444389379809,143.532180595581,0.157981179779839,4034,0.00134732910675578,0.0545041142406942
denlo4a,2837,1873,0.00349909197897419,133.373731980779,0.0093608535997394,5731.6,0.007497686295462,0.0547505803357392
denlo4b,2659,1848,0.00358207672108732,137.262445887446,0.00938495822206044,5732,0.00208348784180465,0.0543933368718946
denhi1a,4929,4045,0.0597903215905871,120.83609394314,0.159546144784656,3808,0.00955191859636847,0.0511065652496373
denhi1b,4741,4047,0.0607920152863791,122.184334074623,0.160987640847792,3837.6,0.0023336410999676,0.0505531161237653
denhi4a,4849,3448,0.00470754744988272,123.654872389791,0.0103179158633787,6597.8,0.0112017471090883,0.0508912402310626
denhi4b,4647,3427,0.00476971802473975,125.355996498395,0.0100912670355617,6483.4,0.00370408081349718,0.0504146966407419
