ID,NDET,NMATCH,SKYMEAN,SKYSTD,SKYSPR,MEDLUMFRAC,MEDLUMFRAC5
denlo1a,2818,2235,0.00618057703720991,0.00136526717813358,0.000226187164572016,0.932094394430676,0.980954293851971
denlo1b,2615,2109,0.00119760801037906,0.00117904565580633,0.000311156038610818,0.926641344114825,0.981784404129672
denlo4a,2870,1907,0.00703898407474249,0.00155999216467293,0.000346199346724248,0.809169195127606,0.851524472348986
denlo4b,2675,1883,0.00171887310949382,0.00141483847064837,0.00026810291084892,0.797860320742118,0.850130324789952
denhi1a,5073,4149,0.00930649166718872,0.00143252545589748,0.000490028198540663,0.931172414264665,0.977825489058732
denhi1b,4864,4123,0.00210367242841853,0.00123001370992955,0.000484760711869179,0.918028766407109,0.980204826353364
denhi4a,4970,3537,0.0106410071609552,0.00167781389315979,0.000612645700391929,0.842852774332,0.859295078759739
denhi4b,4771,3546,0.00304556613513547,0.00159728575020208,0.000865401221900779,0.824534665891324,0.864403815017716
